-- phpMyAdmin SQL Dump
-- version 4.6.4
-- https://www.phpmyadmin.net/
--
-- Host: 127.0.0.1
-- Generation Time: Jul 16, 2017 at 05:00 AM
-- Server version: 5.7.14
-- PHP Version: 5.6.25

SET SQL_MODE = "NO_AUTO_VALUE_ON_ZERO";
SET time_zone = "+00:00";


/*!40101 SET @OLD_CHARACTER_SET_CLIENT=@@CHARACTER_SET_CLIENT */;
/*!40101 SET @OLD_CHARACTER_SET_RESULTS=@@CHARACTER_SET_RESULTS */;
/*!40101 SET @OLD_COLLATION_CONNECTION=@@COLLATION_CONNECTION */;
/*!40101 SET NAMES utf8mb4 */;

--
-- Database: `publish_subscription`
--

-- --------------------------------------------------------

--
-- Table structure for table `tbl_add_subscriber`
--

CREATE TABLE `tbl_add_subscriber` (
  `InstituteID` varchar(255) NOT NULL,
  `CategoryID` varchar(255) NOT NULL,
  `SubscriberID` varchar(255) NOT NULL
) ENGINE=MyISAM DEFAULT CHARSET=latin1;

--
-- Dumping data for table `tbl_add_subscriber`
--

INSERT INTO `tbl_add_subscriber` (`InstituteID`, `CategoryID`, `SubscriberID`) VALUES
('30', '{28248B9A-99E9-49AD-B2DF-34536579F910}', '{6474DF62-E491-433D-BD48-7BF0BDE845BA}'),
('30', '{6B90E330-81B3-44EE-BD3D-9C1CD47F48DD}', '{4A8BC16B-A271-4B6D-BE1C-5B443A7E0B2E}'),
('30', '{9C633D6E-4A28-462C-865F-8A972E54700A}', '{4A8BC16B-A271-4B6D-BE1C-5B443A7E0B2E}');

-- --------------------------------------------------------

--
-- Table structure for table `tbl_category`
--

CREATE TABLE `tbl_category` (
  `ID` varchar(100) NOT NULL,
  `Name` varchar(100) NOT NULL
) ENGINE=InnoDB DEFAULT CHARSET=latin1;

--
-- Dumping data for table `tbl_category`
--

INSERT INTO `tbl_category` (`ID`, `Name`) VALUES
('1', 'School'),
('2', 'College'),
('3', 'University');

-- --------------------------------------------------------

--
-- Table structure for table `tbl_child_cat`
--

CREATE TABLE `tbl_child_cat` (
  `CatID` varchar(250) NOT NULL,
  `UserID` varchar(255) NOT NULL,
  `InstituteID` varchar(255) NOT NULL,
  `Name` varchar(55) NOT NULL,
  `ParentID` varchar(250) DEFAULT NULL
) ENGINE=MyISAM DEFAULT CHARSET=latin1;

--
-- Dumping data for table `tbl_child_cat`
--

INSERT INTO `tbl_child_cat` (`CatID`, `UserID`, `InstituteID`, `Name`, `ParentID`) VALUES
('{9D3182B7-D104-4DF2-8200-1C01ACA2B841}', '{6474DF62-E491-433D-BD48-7BF0BDE845BA}', '{B2F5D092-E14C-4931-B6AB-24735A3AD912}', 'bathch08', '{E0A2B650-7F18-48B2-9C6D-140BC35D880A}'),
('{E0A2B650-7F18-48B2-9C6D-140BC35D880A}', '{6474DF62-E491-433D-BD48-7BF0BDE845BA}', '{B2F5D092-E14C-4931-B6AB-24735A3AD912}', 'Kathpara High School', '{B2F5D092-E14C-4931-B6AB-24735A3AD912}'),
('{46B39225-2249-4E38-9F99-459FB6FD1E35}', '{6474DF62-E491-433D-BD48-7BF0BDE845BA}', '{B2F5D092-E14C-4931-B6AB-24735A3AD912}', 'batch09', '{E0A2B650-7F18-48B2-9C6D-140BC35D880A}'),
('{533E5F02-3A81-4D47-96F2-C5EB279D3409}', '{4A8BC16B-A271-4B6D-BE1C-5B443A7E0B2E}', '{3AAE26E0-930C-4596-A442-BD240764E685}', 'bartch10', '{3AAE26E0-930C-4596-A442-BD240764E685}'),
('{9C633D6E-4A28-462C-865F-8A972E54700A}', '{4A8BC16B-A271-4B6D-BE1C-5B443A7E0B2E}', '{71F2915A-FF8B-451F-91EC-2266AE0B2F30}', 'Bangabandhu Hall', '0'),
('{6B90E330-81B3-44EE-BD3D-9C1CD47F48DD}', '{4A8BC16B-A271-4B6D-BE1C-5B443A7E0B2E}', '{71F2915A-FF8B-451F-91EC-2266AE0B2F30}', 'room301', '{9C633D6E-4A28-462C-865F-8A972E54700A}'),
('{0D759675-22C8-41A4-BD16-3D7580189795}', '{4A8BC16B-A271-4B6D-BE1C-5B443A7E0B2E}', '{71F2915A-FF8B-451F-91EC-2266AE0B2F30}', 'room302', '{9C633D6E-4A28-462C-865F-8A972E54700A}'),
('{E34BEA30-914E-4A61-A358-70DC813077F3}', '{4A8BC16B-A271-4B6D-BE1C-5B443A7E0B2E}', '{71F2915A-FF8B-451F-91EC-2266AE0B2F30}', 'binayak', '{6B90E330-81B3-44EE-BD3D-9C1CD47F48DD}'),
('{0A761652-1438-45F5-8395-BEE06EA52630}', '{4A8BC16B-A271-4B6D-BE1C-5B443A7E0B2E}', '{71F2915A-FF8B-451F-91EC-2266AE0B2F30}', 'room303', '{9C633D6E-4A28-462C-865F-8A972E54700A}'),
('{2931487C-9294-41F3-93AB-42762556F9E4}', '{4A8BC16B-A271-4B6D-BE1C-5B443A7E0B2E}', '{F6F6367A-59E6-4D72-AE53-14F86C2F5866}', 'BTHQPHS', '0'),
('{131711CD-EFDE-4EAD-9D03-68B797BF27ED}', '{4A8BC16B-A271-4B6D-BE1C-5B443A7E0B2E}', '{F6F6367A-59E6-4D72-AE53-14F86C2F5866}', 'Office', '{2931487C-9294-41F3-93AB-42762556F9E4}'),
('{088F1D20-4818-4439-BC6A-F9ADDEB230A9}', '{4A8BC16B-A271-4B6D-BE1C-5B443A7E0B2E}', '{F6F6367A-59E6-4D72-AE53-14F86C2F5866}', 'Batch08', '{2931487C-9294-41F3-93AB-42762556F9E4}');

-- --------------------------------------------------------

--
-- Table structure for table `tbl_file`
--

CREATE TABLE `tbl_file` (
  `ID` varchar(255) NOT NULL,
  `CategoryID` varchar(255) NOT NULL,
  `PublisherID` varchar(255) NOT NULL,
  `PublisherName` varchar(50) NOT NULL,
  `Image` varchar(255) NOT NULL
) ENGINE=MyISAM DEFAULT CHARSET=latin1;

--
-- Dumping data for table `tbl_file`
--

INSERT INTO `tbl_file` (`ID`, `CategoryID`, `PublisherID`, `PublisherName`, `Image`) VALUES
('{F5771F23-06CF-4DC1-B72F-9A3809235DEA}', '{E34BEA30-914E-4A61-A358-70DC813077F3}', '{4A8BC16B-A271-4B6D-BE1C-5B443A7E0B2E}', 'Binayak', 'uploads/fe712625bd.jpg'),
('{2DB2259A-4BDB-4FA6-9E21-B9E969935917}', '{6B90E330-81B3-44EE-BD3D-9C1CD47F48DD}', '{4A8BC16B-A271-4B6D-BE1C-5B443A7E0B2E}', 'Binayak', 'uploads/fe712625bd.jpg'),
('{8C95F2E6-777D-4AA9-909F-8DF480096418}', '{9D3182B7-D104-4DF2-8200-1C01ACA2B841}', '{4A8BC16B-A271-4B6D-BE1C-5B443A7E0B2E}', 'Binayak', 'uploads/0cba97ce85.jpg'),
('{9CA529F9-C617-42EA-B5BA-92A782C829E7}', '{9D3182B7-D104-4DF2-8200-1C01ACA2B841}', '{4A8BC16B-A271-4B6D-BE1C-5B443A7E0B2E}', 'Binayak', 'uploads/d4edf935fe.jpg'),
('{DCCCFBB0-DAB7-4021-AAD9-930A57A3B9CF}', '{9D3182B7-D104-4DF2-8200-1C01ACA2B841}', '{4A8BC16B-A271-4B6D-BE1C-5B443A7E0B2E}', 'Binayak', 'uploads/bbe4719673.jpg'),
('{F41B5C04-1277-4D63-81F3-8CB6775F8856}', '{9D3182B7-D104-4DF2-8200-1C01ACA2B841}', '{4A8BC16B-A271-4B6D-BE1C-5B443A7E0B2E}', 'Binayak', 'uploads/a93409af77.jpg'),
('{826F8338-A959-4A8C-832D-A3A6A4879453}', '{9D3182B7-D104-4DF2-8200-1C01ACA2B841}', '{4A8BC16B-A271-4B6D-BE1C-5B443A7E0B2E}', 'Binayak', 'uploads/987a100e19.jpg'),
('{89CC69A9-E9B3-4C11-96D6-E0A1D5F569DA}', '{9D3182B7-D104-4DF2-8200-1C01ACA2B841}', '{4A8BC16B-A271-4B6D-BE1C-5B443A7E0B2E}', 'Binayak', 'uploads/d3b2699f7b.jpg'),
('{20E9B307-15BE-48BF-A908-DDFBC0EC10A5}', '{9D3182B7-D104-4DF2-8200-1C01ACA2B841}', '{4A8BC16B-A271-4B6D-BE1C-5B443A7E0B2E}', 'Binayak', 'uploads/7861c2c239.jpg'),
('{880CCD9E-E6FC-48D4-8339-4DFC81044CA1}', '{9D3182B7-D104-4DF2-8200-1C01ACA2B841}', '{4A8BC16B-A271-4B6D-BE1C-5B443A7E0B2E}', 'Binayak', 'uploads/3708fbe31d.jpg'),
('{865C259E-EAB8-4C60-9F96-EC55D74338E2}', '{9D3182B7-D104-4DF2-8200-1C01ACA2B841}', '{4A8BC16B-A271-4B6D-BE1C-5B443A7E0B2E}', 'Binayak', 'uploads/68c69bdb8a.jpg'),
('{91EE3107-B84D-4362-B116-27BD5AA70209}', '{28248B9A-99E9-49AD-B2DF-34536579F910}', '{4A8BC16B-A271-4B6D-BE1C-5B443A7E0B2E}', 'Binayak', 'uploads/1fb2b0ba43.jpg'),
('{41F8EF3F-E10E-4C42-AC55-20A5A1344CA4}', '{6153EC64-A33A-4A4D-8A97-C10A9869F37D}', '{4A8BC16B-A271-4B6D-BE1C-5B443A7E0B2E}', 'Binayak', 'uploads/1fb2b0ba43.jpg'),
('{3638A49A-2D5D-4EAF-B541-8AA638BA35AD}', '{07DA2F4B-9D02-4F75-8AB8-E10BCDACA378}', '{4A8BC16B-A271-4B6D-BE1C-5B443A7E0B2E}', 'Binayak', 'uploads/1fb2b0ba43.jpg'),
('{517BC6B3-DF8F-4436-A794-FF6E2B2103B9}', '{01C607B9-AC1D-4B0C-A7E2-F1573A97494B}', '{4A8BC16B-A271-4B6D-BE1C-5B443A7E0B2E}', 'Binayak', 'uploads/1fb2b0ba43.jpg'),
('{F2FBBD36-98CF-41C3-A13C-D2B04BF94D9D}', '{28248B9A-99E9-49AD-B2DF-34536579F910}', '{4A8BC16B-A271-4B6D-BE1C-5B443A7E0B2E}', 'Binayak', 'uploads/85b2668eb7.docx'),
('{1A0FA13D-18CC-4C5D-9DB6-FFB3671E3AEF}', '{6153EC64-A33A-4A4D-8A97-C10A9869F37D}', '{4A8BC16B-A271-4B6D-BE1C-5B443A7E0B2E}', 'Binayak', 'uploads/85b2668eb7.docx'),
('{6493727D-85A0-417B-8049-B449E09B7AF3}', '{07DA2F4B-9D02-4F75-8AB8-E10BCDACA378}', '{4A8BC16B-A271-4B6D-BE1C-5B443A7E0B2E}', 'Binayak', 'uploads/85b2668eb7.docx'),
('{1AA379AD-FF2E-4593-ABEC-73C8237CDF36}', '{01C607B9-AC1D-4B0C-A7E2-F1573A97494B}', '{4A8BC16B-A271-4B6D-BE1C-5B443A7E0B2E}', 'Binayak', 'uploads/85b2668eb7.docx'),
('{2274D88C-E95B-4891-8F56-D8631F6C6C4A}', '{07DA2F4B-9D02-4F75-8AB8-E10BCDACA378}', '{6474DF62-E491-433D-BD48-7BF0BDE845BA}', 'Masum', 'uploads/99a88ccb3d.docx');

-- --------------------------------------------------------

--
-- Table structure for table `tbl_image`
--

CREATE TABLE `tbl_image` (
  `ID` varchar(255) NOT NULL,
  `Name` varchar(255) NOT NULL,
  `Image` varchar(255) NOT NULL
) ENGINE=MyISAM DEFAULT CHARSET=latin1;

--
-- Dumping data for table `tbl_image`
--

INSERT INTO `tbl_image` (`ID`, `Name`, `Image`) VALUES
('{8AD1D117-B4DB-4325-BE01-7CB8BE0AFA14}', 'poem of binayak', 'uploads/hotat bristy.docx'),
('{F48A2CF4-D4FA-4D98-982C-4EAA467FC358}', 'koushiks Father', 'uploads/19113751_1991991214363677_8668836943281170310_n.jpg');

-- --------------------------------------------------------

--
-- Table structure for table `tbl_institution`
--

CREATE TABLE `tbl_institution` (
  `ID` varchar(255) NOT NULL,
  `UserID` varchar(255) NOT NULL,
  `Name` varchar(255) NOT NULL,
  `Address` varchar(255) NOT NULL
) ENGINE=MyISAM DEFAULT CHARSET=latin1;

--
-- Dumping data for table `tbl_institution`
--

INSERT INTO `tbl_institution` (`ID`, `UserID`, `Name`, `Address`) VALUES
('{B2F5D092-E14C-4931-B6AB-24735A3AD912}', '{6474DF62-E491-433D-BD48-7BF0BDE845BA}', 'kathipara School', 'paikgacha,khulna'),
('{71F2915A-FF8B-451F-91EC-2266AE0B2F30}', '{4A8BC16B-A271-4B6D-BE1C-5B443A7E0B2E}', 'Bangabandhu Hall', 'khulna university'),
('{F6F6367A-59E6-4D72-AE53-14F86C2F5866}', '{4A8BC16B-A271-4B6D-BE1C-5B443A7E0B2E}', 'BTHQPHS', 'Batiaghata,khulna');

-- --------------------------------------------------------

--
-- Table structure for table `tbl_new_publisher`
--

CREATE TABLE `tbl_new_publisher` (
  `InstituteID` varchar(255) NOT NULL,
  `CategoryID` varchar(255) NOT NULL,
  `PublisherID` varchar(255) NOT NULL
) ENGINE=MyISAM DEFAULT CHARSET=latin1;

--
-- Dumping data for table `tbl_new_publisher`
--

INSERT INTO `tbl_new_publisher` (`InstituteID`, `CategoryID`, `PublisherID`) VALUES
('{B2F5D092-E14C-4931-B6AB-24735A3AD912}', '{9D3182B7-D104-4DF2-8200-1C01ACA2B841}', '{4A8BC16B-A271-4B6D-BE1C-5B443A7E0B2E}'),
('{B2F5D092-E14C-4931-B6AB-24735A3AD912}', '{46B39225-2249-4E38-9F99-459FB6FD1E35}', '{6474DF62-E491-433D-BD48-7BF0BDE845BA}'),
('{ED24CB17-48F9-4D41-8E6C-FADE141FDB42}', '{6153EC64-A33A-4A4D-8A97-C10A9869F37D}', '{4A8BC16B-A271-4B6D-BE1C-5B443A7E0B2E}'),
('{B2F5D092-E14C-4931-B6AB-24735A3AD912}', '{E0A2B650-7F18-48B2-9C6D-140BC35D880A}', '{6474DF62-E491-433D-BD48-7BF0BDE845BA}'),
('{ED24CB17-48F9-4D41-8E6C-FADE141FDB42}', '{01C607B9-AC1D-4B0C-A7E2-F1573A97494B}', '{4A8BC16B-A271-4B6D-BE1C-5B443A7E0B2E}'),
('{ED24CB17-48F9-4D41-8E6C-FADE141FDB42}', '{07DA2F4B-9D02-4F75-8AB8-E10BCDACA378}', '{4A8BC16B-A271-4B6D-BE1C-5B443A7E0B2E}'),
('{B2F5D092-E14C-4931-B6AB-24735A3AD912}', '{8A7F79CB-688A-4243-AC07-88200CFF1C7F}', '{4A8BC16B-A271-4B6D-BE1C-5B443A7E0B2E}'),
('{ED24CB17-48F9-4D41-8E6C-FADE141FDB42}', '{28248B9A-99E9-49AD-B2DF-34536579F910}', '{4A8BC16B-A271-4B6D-BE1C-5B443A7E0B2E}'),
('{71F2915A-FF8B-451F-91EC-2266AE0B2F30}', '{6B90E330-81B3-44EE-BD3D-9C1CD47F48DD}', '{4A8BC16B-A271-4B6D-BE1C-5B443A7E0B2E}'),
('{71F2915A-FF8B-451F-91EC-2266AE0B2F30}', '{9C633D6E-4A28-462C-865F-8A972E54700A}', '{4A8BC16B-A271-4B6D-BE1C-5B443A7E0B2E}'),
('{408B422B-B1EB-4368-AFA4-A9CC544A00C4}', '{BF5DB95D-6E44-477B-8885-CBF92BA45D42}', '{4A8BC16B-A271-4B6D-BE1C-5B443A7E0B2E}');

-- --------------------------------------------------------

--
-- Table structure for table `tbl_notice`
--

CREATE TABLE `tbl_notice` (
  `ID` varchar(100) NOT NULL,
  `CategoryID` varchar(255) NOT NULL,
  `PublisherID` varchar(100) NOT NULL,
  `Notice` longtext NOT NULL
) ENGINE=InnoDB DEFAULT CHARSET=latin1;

--
-- Dumping data for table `tbl_notice`
--

INSERT INTO `tbl_notice` (`ID`, `CategoryID`, `PublisherID`, `Notice`) VALUES
('{D9964CC3-9FFF-4F36-B466-FBE9F64E9F9E}', '{6B90E330-81B3-44EE-BD3D-9C1CD47F48DD}', '{4A8BC16B-A271-4B6D-BE1C-5B443A7E0B2E}', 'Room e sobai acis?'),
('{D9964CC3-9FFF-4F36-B466-FBE9F64E9F9E}', '{E34BEA30-914E-4A61-A358-70DC813077F3}', '{4A8BC16B-A271-4B6D-BE1C-5B443A7E0B2E}', 'Room e sobai acis?'),
('{FF1B4229-BF24-4590-B4D6-6B983009327A}', '{9C633D6E-4A28-462C-865F-8A972E54700A}', '{4A8BC16B-A271-4B6D-BE1C-5B443A7E0B2E}', '5 tola and 6 tola r kaj suru hocce sobai sabdhane thakben.\r\n'),
('{FF1B4229-BF24-4590-B4D6-6B983009327A}', '{6B90E330-81B3-44EE-BD3D-9C1CD47F48DD}', '{4A8BC16B-A271-4B6D-BE1C-5B443A7E0B2E}', '5 tola and 6 tola r kaj suru hocce sobai sabdhane thakben.\r\n'),
('{FF1B4229-BF24-4590-B4D6-6B983009327A}', '{0D759675-22C8-41A4-BD16-3D7580189795}', '{4A8BC16B-A271-4B6D-BE1C-5B443A7E0B2E}', '5 tola and 6 tola r kaj suru hocce sobai sabdhane thakben.\r\n'),
('{FF1B4229-BF24-4590-B4D6-6B983009327A}', '{0A761652-1438-45F5-8395-BEE06EA52630}', '{4A8BC16B-A271-4B6D-BE1C-5B443A7E0B2E}', '5 tola and 6 tola r kaj suru hocce sobai sabdhane thakben.\r\n'),
('{FF1B4229-BF24-4590-B4D6-6B983009327A}', '{E34BEA30-914E-4A61-A358-70DC813077F3}', '{4A8BC16B-A271-4B6D-BE1C-5B443A7E0B2E}', '5 tola and 6 tola r kaj suru hocce sobai sabdhane thakben.\r\n'),
('{CC1D5FD5-C3D3-4E29-BFC1-1EDEB5BDFBC9}', '{9D3182B7-D104-4DF2-8200-1C01ACA2B841}', '{4A8BC16B-A271-4B6D-BE1C-5B443A7E0B2E}', 'http://localhost/Publish_Subscription/modules/publish/home.php'),
('{9F3160DA-A5F2-46F6-9675-6F8D64D525F3}', '{6B90E330-81B3-44EE-BD3D-9C1CD47F48DD}', '{4A8BC16B-A271-4B6D-BE1C-5B443A7E0B2E}', 'http://localhost/Publish_Subscription/modules/publish/home.php\r\n'),
('{9F3160DA-A5F2-46F6-9675-6F8D64D525F3}', '{E34BEA30-914E-4A61-A358-70DC813077F3}', '{4A8BC16B-A271-4B6D-BE1C-5B443A7E0B2E}', 'http://localhost/Publish_Subscription/modules/publish/home.php\r\n');

-- --------------------------------------------------------

--
-- Table structure for table `tbl_permission`
--

CREATE TABLE `tbl_permission` (
  `ID` varchar(40) NOT NULL,
  `Name` varchar(40) NOT NULL,
  `Category` varchar(40) NOT NULL
) ENGINE=MyISAM DEFAULT CHARSET=latin1;

--
-- Dumping data for table `tbl_permission`
--

INSERT INTO `tbl_permission` (`ID`, `Name`, `Category`) VALUES
('PUBLISHER_C', 'PUBLISHER_C', 'PUBLISHER'),
('PUBLISHER_R', 'PUBLISHER_R', 'PUBLISHER'),
('PUBLISHER_U', 'PUBLISHER_U', 'PUBLISHER'),
('PUBLISHER_D', 'PUBLISHER_D', 'PUBLISHER'),
('SUBSCRIBER_C', 'SUBSCRIBER_C', 'SUBSCRIBER'),
('SUBSCRIBER_R', 'SUBSCRIBER_R', 'SUBSCRIBER'),
('SUBSCRIBER_U', 'SUBSCRIBER_U', 'SUBSCRIBER'),
('SUBSCRIBER_D', 'SUBSCRIBER_D', 'SUBSCRIBER'),
('NOTICE_C', 'NOTICE_C', 'NOTICE'),
('NOTICE_R', 'NOTICE_R', 'NOTICE'),
('NOTICE_U', 'NOTICE_U', 'NOTICE'),
('NOTICE_D', 'NOTICE_D', 'NOTICE'),
('CATEGORY_C', 'CATEGORY_C', 'CATEGORY'),
('CATEGORY_R', 'CATEGORY_R', 'CATEGORY'),
('CATEGORY_U', 'CATEGORY_U', 'CATEGORY'),
('CATEGORY_D', 'CATEGORY_D', 'CATEGORY'),
('CONTENT_C', 'CONTENT_C', 'CONTENT'),
('CONTENT_R', 'CONTENT_R', 'CONTENT'),
('CONTENT_U', 'CONTENT_U', 'CONTENT'),
('CONTENT_D', 'CONTENT_D', 'CONTENT'),
('ROLE_C', 'ROLE_C', 'ROLE'),
('ROLE_R', 'ROLE_R', 'ROLE'),
('ROLE_U', 'ROLE_U', 'ROLE'),
('ROLE_D', 'ROLE_D', 'ROLE');

-- --------------------------------------------------------

--
-- Table structure for table `tbl_profileimage`
--

CREATE TABLE `tbl_profileimage` (
  `id` int(11) NOT NULL,
  `UserID` varchar(255) NOT NULL,
  `Image` varchar(255) NOT NULL
) ENGINE=MyISAM DEFAULT CHARSET=latin1;

--
-- Dumping data for table `tbl_profileimage`
--

INSERT INTO `tbl_profileimage` (`id`, `UserID`, `Image`) VALUES
(6, '{99E9852D-B301-4694-9503-2ED5BC6E6B74}', 'uploads/16a2803b64.jpg'),
(5, '{4A8BC16B-A271-4B6D-BE1C-5B443A7E0B2E}', 'uploads/faac2a1fd2.jpg'),
(4, '{4A8BC16B-A271-4B6D-BE1C-5B443A7E0B2E}', 'uploads/ac97e07194.jpg');

-- --------------------------------------------------------

--
-- Table structure for table `tbl_publisher`
--

CREATE TABLE `tbl_publisher` (
  `ID` varchar(100) NOT NULL,
  `CategoryID` varchar(100) NOT NULL,
  `Institution` varchar(100) NOT NULL,
  `Username` varchar(100) NOT NULL,
  `Password` varchar(100) NOT NULL
) ENGINE=InnoDB DEFAULT CHARSET=latin1;

--
-- Dumping data for table `tbl_publisher`
--

INSERT INTO `tbl_publisher` (`ID`, `CategoryID`, `Institution`, `Username`, `Password`) VALUES
('{F6475FC3-F99F-4D69-9925-203A6560FDD8}', '', '', '', ''),
('{19D763CD-0E5C-D987-CEC0-9DE2DC052006}', '1', 'B primary', 'a', 'a'),
('{A3133DDF-A834-0168-82D9-056408E74208}', '1', 'C School', 'b', ''),
('{65641D88-DF83-4772-810E-212EFA96E488}', '3', 'Rajshahi University', 'binayak', 'b'),
('{B58FE0A6-4656-41BB-AB93-7A32E5B70E69}', '3', 'KU', 'Binayak Ray', '123'),
('{D9C29C30-6AB8-5BCC-DE82-BF36348395EE}', '2', 'D Primary School', 'd', 'd'),
('{3CB4E0CA-80F2-E059-D51C-298B527A065F}', '2', 'Boyra Govt College', 'masum', 'm'),
('{6E8F41B6-E4E4-4956-AD95-B722231F0CB6}', '1', 'Khalshibunia G.P.B High school', 'mithun', 'm'),
('{AA2A80C2-BE63-4764-9AFC-83B9AE5E1FC7}', '3', 'RU', 'R', 'r'),
('{428E4C71-ECAB-5518-88BF-926C4201B8AB}', '3', 'Khulna University', 'vc', 'vc');

-- --------------------------------------------------------

--
-- Table structure for table `tbl_request`
--

CREATE TABLE `tbl_request` (
  `ReqID` varchar(255) NOT NULL,
  `InstituteID` varchar(255) NOT NULL,
  `SubscriberID` varchar(255) NOT NULL,
  `CatID` varchar(255) NOT NULL,
  `Status` int(40) NOT NULL
) ENGINE=MyISAM DEFAULT CHARSET=latin1;

--
-- Dumping data for table `tbl_request`
--

INSERT INTO `tbl_request` (`ReqID`, `InstituteID`, `SubscriberID`, `CatID`, `Status`) VALUES
('{B62FC143-8F56-4B34-8DE7-62AEFF28C485}', '{71F2915A-FF8B-451F-91EC-2266AE0B2F30}', '{4A8BC16B-A271-4B6D-BE1C-5B443A7E0B2E}', '{0A761652-1438-45F5-8395-BEE06EA52630}', 1),
('{780CD393-24A4-4B1E-8C5A-3746CD43C096}', '{71F2915A-FF8B-451F-91EC-2266AE0B2F30}', '{4A8BC16B-A271-4B6D-BE1C-5B443A7E0B2E}', '{0D759675-22C8-41A4-BD16-3D7580189795}', 1),
('{45EE5E6E-C2DA-4F23-BAF3-5A53C08D4127}', '{71F2915A-FF8B-451F-91EC-2266AE0B2F30}', '{4A8BC16B-A271-4B6D-BE1C-5B443A7E0B2E}', '{9C633D6E-4A28-462C-865F-8A972E54700A}', 1),
('{C272B218-D66E-45C0-9A8C-904E99E35F19}', '{71F2915A-FF8B-451F-91EC-2266AE0B2F30}', '{4A8BC16B-A271-4B6D-BE1C-5B443A7E0B2E}', '{6B90E330-81B3-44EE-BD3D-9C1CD47F48DD}', 1),
('{0F2553A6-FE39-48D3-9177-F2978B8476DC}', '{B2F5D092-E14C-4931-B6AB-24735A3AD912}', '{4A8BC16B-A271-4B6D-BE1C-5B443A7E0B2E}', '{9D3182B7-D104-4DF2-8200-1C01ACA2B841}', 1),
('{2A56BF27-6851-4DD6-B108-B1025D955F30}', '{B2F5D092-E14C-4931-B6AB-24735A3AD912}', '{4A8BC16B-A271-4B6D-BE1C-5B443A7E0B2E}', '{E0A2B650-7F18-48B2-9C6D-140BC35D880A}', 1),
('{A04C65E8-1CC8-4BCA-B88B-446393A34CBA}', '{ED24CB17-48F9-4D41-8E6C-FADE141FDB42}', '{7051B474-DB05-466B-B1F6-EE9B9EF0F83A}', '{28248B9A-99E9-49AD-B2DF-34536579F910}', 2),
('{D3DB2935-A0FF-4B13-B579-70AFDA07B645}', '{ED24CB17-48F9-4D41-8E6C-FADE141FDB42}', '{6474DF62-E491-433D-BD48-7BF0BDE845BA}', '{28248B9A-99E9-49AD-B2DF-34536579F910}', 1);

-- --------------------------------------------------------

--
-- Table structure for table `tbl_role`
--

CREATE TABLE `tbl_role` (
  `ID` varchar(40) NOT NULL,
  `Name` varchar(40) NOT NULL
) ENGINE=MyISAM DEFAULT CHARSET=latin1;

--
-- Dumping data for table `tbl_role`
--

INSERT INTO `tbl_role` (`ID`, `Name`) VALUES
('{300B373F-2D63-4322-9ED7-D93598D0DE0F}', 'Publisher'),
('{500F283F-B6B7-4FD5-8248-67FED50A04C5}', 'Subscriber'),
('{3BB9B37A-01E4-493B-A283-0448547E6BB0}', 'Admin');

-- --------------------------------------------------------

--
-- Table structure for table `tbl_role_permission`
--

CREATE TABLE `tbl_role_permission` (
  `Row` int(11) NOT NULL,
  `RoleID` varchar(40) NOT NULL,
  `PermissionID` varchar(100) NOT NULL
) ENGINE=InnoDB DEFAULT CHARSET=latin1;

--
-- Dumping data for table `tbl_role_permission`
--

INSERT INTO `tbl_role_permission` (`Row`, `RoleID`, `PermissionID`) VALUES
(225, '{3477F777-3F53-408B-9773-249C5937C2B8}', 'COURSE_C'),
(226, '{3477F777-3F53-408B-9773-249C5937C2B8}', 'COURSE_D'),
(227, '{3477F777-3F53-408B-9773-249C5937C2B8}', 'FILE_C'),
(228, '{3477F777-3F53-408B-9773-249C5937C2B8}', 'FILE_D'),
(229, '{3477F777-3F53-408B-9773-249C5937C2B8}', 'FILE_R'),
(230, '{3477F777-3F53-408B-9773-249C5937C2B8}', 'FILE_U'),
(231, '{3477F777-3F53-408B-9773-249C5937C2B8}', 'POSITION_C'),
(232, '{3477F777-3F53-408B-9773-249C5937C2B8}', 'POSITION_D'),
(233, '{3477F777-3F53-408B-9773-249C5937C2B8}', 'POSITION_R'),
(234, '{3477F777-3F53-408B-9773-249C5937C2B8}', 'POSITION_U'),
(441, '{1AF8A832-4C03-49C7-8071-C71D4EB4FC57}', 'FILE_C'),
(442, '{1AF8A832-4C03-49C7-8071-C71D4EB4FC57}', 'FILE_D'),
(443, '{1AF8A832-4C03-49C7-8071-C71D4EB4FC57}', 'SURVEY_U'),
(444, '{1AF8A832-4C03-49C7-8071-C71D4EB4FC57}', 'TERM_U'),
(557, '{9CC63B6A-99BD-4710-B675-9881B5F7337A}', 'CLUB_D'),
(558, '{9CC63B6A-99BD-4710-B675-9881B5F7337A}', 'CLUB_R'),
(559, '{9CC63B6A-99BD-4710-B675-9881B5F7337A}', 'COURSE_D'),
(560, '{9CC63B6A-99BD-4710-B675-9881B5F7337A}', 'PROJECT_C'),
(561, '{9CC63B6A-99BD-4710-B675-9881B5F7337A}', 'PROJECT_D'),
(562, '{9CC63B6A-99BD-4710-B675-9881B5F7337A}', 'PROJECT_R'),
(563, '{9CC63B6A-99BD-4710-B675-9881B5F7337A}', 'PROJECT_U'),
(564, '{F9C458F2-5298-441F-AE63-7514029760C4}', 'CLUB_C'),
(565, '{F9C458F2-5298-441F-AE63-7514029760C4}', 'CLUB_D'),
(566, '{F9C458F2-5298-441F-AE63-7514029760C4}', 'CLUB_R'),
(567, '{F9C458F2-5298-441F-AE63-7514029760C4}', 'CLUB_U'),
(568, '{F9C458F2-5298-441F-AE63-7514029760C4}', 'COURSE_C'),
(569, '{F9C458F2-5298-441F-AE63-7514029760C4}', 'COURSE_D'),
(570, '{F9C458F2-5298-441F-AE63-7514029760C4}', 'COURSE_R'),
(571, '{F9C458F2-5298-441F-AE63-7514029760C4}', 'COURSE_U'),
(572, '{F9C458F2-5298-441F-AE63-7514029760C4}', 'DISCIPLINE_C'),
(573, '{F9C458F2-5298-441F-AE63-7514029760C4}', 'DISCIPLINE_D'),
(574, '{F9C458F2-5298-441F-AE63-7514029760C4}', 'DISCIPLINE_R'),
(575, '{F9C458F2-5298-441F-AE63-7514029760C4}', 'DISCIPLINE_U'),
(576, '{F9C458F2-5298-441F-AE63-7514029760C4}', 'FILE_C'),
(577, '{F9C458F2-5298-441F-AE63-7514029760C4}', 'FILE_D'),
(578, '{F9C458F2-5298-441F-AE63-7514029760C4}', 'FILE_R'),
(579, '{F9C458F2-5298-441F-AE63-7514029760C4}', 'FILE_U'),
(580, '{F9C458F2-5298-441F-AE63-7514029760C4}', 'POSITION_C'),
(581, '{F9C458F2-5298-441F-AE63-7514029760C4}', 'POSITION_D'),
(582, '{F9C458F2-5298-441F-AE63-7514029760C4}', 'POSITION_R'),
(583, '{F9C458F2-5298-441F-AE63-7514029760C4}', 'POSITION_U'),
(584, '{F9C458F2-5298-441F-AE63-7514029760C4}', 'PROJECT_C'),
(585, '{F9C458F2-5298-441F-AE63-7514029760C4}', 'PROJECT_D'),
(586, '{F9C458F2-5298-441F-AE63-7514029760C4}', 'PROJECT_R'),
(587, '{F9C458F2-5298-441F-AE63-7514029760C4}', 'PROJECT_U'),
(588, '{F9C458F2-5298-441F-AE63-7514029760C4}', 'ROLE_C'),
(589, '{F9C458F2-5298-441F-AE63-7514029760C4}', 'ROLE_D'),
(590, '{F9C458F2-5298-441F-AE63-7514029760C4}', 'ROLE_R'),
(591, '{F9C458F2-5298-441F-AE63-7514029760C4}', 'ROLE_U'),
(592, '{F9C458F2-5298-441F-AE63-7514029760C4}', 'SCHOOL_C'),
(593, '{F9C458F2-5298-441F-AE63-7514029760C4}', 'SCHOOL_D'),
(594, '{F9C458F2-5298-441F-AE63-7514029760C4}', 'SCHOOL_R'),
(595, '{F9C458F2-5298-441F-AE63-7514029760C4}', 'SCHOOL_U'),
(596, '{F9C458F2-5298-441F-AE63-7514029760C4}', 'SESSION_C'),
(597, '{F9C458F2-5298-441F-AE63-7514029760C4}', 'SESSION_D'),
(598, '{F9C458F2-5298-441F-AE63-7514029760C4}', 'SESSION_R'),
(599, '{F9C458F2-5298-441F-AE63-7514029760C4}', 'SESSION_U'),
(600, '{F9C458F2-5298-441F-AE63-7514029760C4}', 'SURVEY_C'),
(601, '{F9C458F2-5298-441F-AE63-7514029760C4}', 'SURVEY_D'),
(602, '{F9C458F2-5298-441F-AE63-7514029760C4}', 'SURVEY_R'),
(603, '{F9C458F2-5298-441F-AE63-7514029760C4}', 'SURVEY_U'),
(604, '{F9C458F2-5298-441F-AE63-7514029760C4}', 'TERM_C'),
(605, '{F9C458F2-5298-441F-AE63-7514029760C4}', 'TERM_D'),
(606, '{F9C458F2-5298-441F-AE63-7514029760C4}', 'TERM_R'),
(607, '{F9C458F2-5298-441F-AE63-7514029760C4}', 'TERM_U'),
(608, '{F9C458F2-5298-441F-AE63-7514029760C4}', 'USER_C'),
(609, '{F9C458F2-5298-441F-AE63-7514029760C4}', 'USER_D'),
(610, '{F9C458F2-5298-441F-AE63-7514029760C4}', 'USER_R'),
(611, '{F9C458F2-5298-441F-AE63-7514029760C4}', 'USER_U'),
(612, '{F9C458F2-5298-441F-AE63-7514029760C4}', 'YEAR_C'),
(613, '{F9C458F2-5298-441F-AE63-7514029760C4}', 'YEAR_D'),
(614, '{F9C458F2-5298-441F-AE63-7514029760C4}', 'YEAR_R'),
(615, '{F9C458F2-5298-441F-AE63-7514029760C4}', 'YEAR_U'),
(625, '{500F283F-B6B7-4FD5-8248-67FED50A04C5}', 'NOTICE_C'),
(626, '{500F283F-B6B7-4FD5-8248-67FED50A04C5}', 'NOTICE_R'),
(627, '{500F283F-B6B7-4FD5-8248-67FED50A04C5}', 'NOTICE_U'),
(628, '{500F283F-B6B7-4FD5-8248-67FED50A04C5}', 'NOTICE_D'),
(629, '{3BB9B37A-01E4-493B-A283-0448547E6BB0}', 'PUBLISHER_C'),
(630, '{3BB9B37A-01E4-493B-A283-0448547E6BB0}', 'PUBLISHER_R'),
(631, '{3BB9B37A-01E4-493B-A283-0448547E6BB0}', 'PUBLISHER_U'),
(632, '{3BB9B37A-01E4-493B-A283-0448547E6BB0}', 'PUBLISHER_D'),
(633, '{3BB9B37A-01E4-493B-A283-0448547E6BB0}', 'SUBSCRIBER_C'),
(634, '{3BB9B37A-01E4-493B-A283-0448547E6BB0}', 'SUBSCRIBER_R'),
(635, '{3BB9B37A-01E4-493B-A283-0448547E6BB0}', 'SUBSCRIBER_U'),
(636, '{3BB9B37A-01E4-493B-A283-0448547E6BB0}', 'SUBSCRIBER_D'),
(637, '{3BB9B37A-01E4-493B-A283-0448547E6BB0}', 'NOTICE_C'),
(638, '{3BB9B37A-01E4-493B-A283-0448547E6BB0}', 'NOTICE_R'),
(639, '{3BB9B37A-01E4-493B-A283-0448547E6BB0}', 'NOTICE_U'),
(640, '{3BB9B37A-01E4-493B-A283-0448547E6BB0}', 'NOTICE_D'),
(641, '{3BB9B37A-01E4-493B-A283-0448547E6BB0}', 'CATEGORY_C'),
(642, '{3BB9B37A-01E4-493B-A283-0448547E6BB0}', 'CATEGORY_R'),
(643, '{3BB9B37A-01E4-493B-A283-0448547E6BB0}', 'CATEGORY_U'),
(644, '{3BB9B37A-01E4-493B-A283-0448547E6BB0}', 'CATEGORY_D'),
(645, '{3BB9B37A-01E4-493B-A283-0448547E6BB0}', 'CONTENT_C'),
(646, '{3BB9B37A-01E4-493B-A283-0448547E6BB0}', 'CONTENT_R'),
(647, '{3BB9B37A-01E4-493B-A283-0448547E6BB0}', 'CONTENT_U'),
(648, '{3BB9B37A-01E4-493B-A283-0448547E6BB0}', 'CONTENT_D'),
(649, '{3BB9B37A-01E4-493B-A283-0448547E6BB0}', 'ROLE_C'),
(650, '{3BB9B37A-01E4-493B-A283-0448547E6BB0}', 'ROLE_R'),
(651, '{3BB9B37A-01E4-493B-A283-0448547E6BB0}', 'ROLE_U'),
(652, '{3BB9B37A-01E4-493B-A283-0448547E6BB0}', 'ROLE_D');

-- --------------------------------------------------------

--
-- Table structure for table `tbl_subscriber`
--

CREATE TABLE `tbl_subscriber` (
  `ID` varchar(100) NOT NULL,
  `CategoryID` varchar(100) NOT NULL,
  `Institution` varchar(100) NOT NULL,
  `Username` varchar(100) NOT NULL,
  `Password` varchar(100) NOT NULL
) ENGINE=InnoDB DEFAULT CHARSET=latin1;

--
-- Dumping data for table `tbl_subscriber`
--

INSERT INTO `tbl_subscriber` (`ID`, `CategoryID`, `Institution`, `Username`, `Password`) VALUES
('{7CDD568A-C333-37FF-DD6D-70097CD8D74E}', '2', 'Boyra Govt College', 'user', 'user'),
('{EE4F2F7B-23DF-172F-BAFF-52F86A207AFC}', '3', 'Khulna University', 'new', 'new'),
('{85C35707-A778-4C2E-8CCB-F80AAB2584F2}', '3', 'Rajshahi University', 'biswa', 'b'),
('{243676C9-46D7-409C-9482-0F52401B8A2A}', '1', 'Khalshibunia G.P.B High school', 'subir', 's'),
('{156D5620-6707-4C7C-9ED8-D84254D5272F}', '3', 'KU', 'Masum', 'm'),
('{4ECBD7A6-7390-4FF7-8210-933552D864F7}', '3', 'RU', 'binayak', 'b'),
('{0D7B0BBB-DDD4-4083-BFE1-0EA4976266C9}', '1', 'Khalshibunia G.P.B High school', 'subir', 's');

-- --------------------------------------------------------

--
-- Table structure for table `tbl_user`
--

CREATE TABLE `tbl_user` (
  `ID` varchar(255) NOT NULL,
  `FirstName` varchar(100) NOT NULL,
  `LastName` varchar(100) NOT NULL,
  `Email` varchar(255) NOT NULL,
  `Password` varchar(255) NOT NULL,
  `Address` varchar(255) NOT NULL
) ENGINE=MyISAM DEFAULT CHARSET=latin1;

--
-- Dumping data for table `tbl_user`
--

INSERT INTO `tbl_user` (`ID`, `FirstName`, `LastName`, `Email`, `Password`, `Address`) VALUES
('{4A8BC16B-A271-4B6D-BE1C-5B443A7E0B2E}', 'Binayak', 'Ray', 'csebinayak.ku@gmail.com', '1234', 'khulna '),
('{52DF4A89-1CB6-40A1-B1B6-E75C3D1703D4}', 'biswajit', 'biswas', 'biswa@gmail.com', 'b', 'BB hall'),
('{E02F93A6-F883-4555-8592-67D9A4BE4C66}', 'Subroto', 'Sarker', 'subroto@gmail.com', '123', 'khulna university'),
('{7051B474-DB05-466B-B1F6-EE9B9EF0F83A}', 'Shamim', 'Hasan', 'nayan@gmail.com', '130240', 'BB Hall'),
('{99E9852D-B301-4694-9503-2ED5BC6E6B74}', 'Masum', 'Moral', 'masum@gmail.com', '130217', 'khulna university');

--
-- Indexes for dumped tables
--

--
-- Indexes for table `tbl_child_cat`
--
ALTER TABLE `tbl_child_cat`
  ADD PRIMARY KEY (`CatID`);

--
-- Indexes for table `tbl_file`
--
ALTER TABLE `tbl_file`
  ADD PRIMARY KEY (`ID`);

--
-- Indexes for table `tbl_image`
--
ALTER TABLE `tbl_image`
  ADD PRIMARY KEY (`ID`);

--
-- Indexes for table `tbl_institution`
--
ALTER TABLE `tbl_institution`
  ADD PRIMARY KEY (`ID`);

--
-- Indexes for table `tbl_new_publisher`
--
ALTER TABLE `tbl_new_publisher`
  ADD PRIMARY KEY (`CategoryID`);

--
-- Indexes for table `tbl_permission`
--
ALTER TABLE `tbl_permission`
  ADD PRIMARY KEY (`ID`);

--
-- Indexes for table `tbl_profileimage`
--
ALTER TABLE `tbl_profileimage`
  ADD PRIMARY KEY (`id`);

--
-- Indexes for table `tbl_publisher`
--
ALTER TABLE `tbl_publisher`
  ADD PRIMARY KEY (`Username`);

--
-- Indexes for table `tbl_request`
--
ALTER TABLE `tbl_request`
  ADD PRIMARY KEY (`ReqID`);

--
-- Indexes for table `tbl_role`
--
ALTER TABLE `tbl_role`
  ADD PRIMARY KEY (`ID`);

--
-- Indexes for table `tbl_role_permission`
--
ALTER TABLE `tbl_role_permission`
  ADD PRIMARY KEY (`Row`);

--
-- Indexes for table `tbl_user`
--
ALTER TABLE `tbl_user`
  ADD PRIMARY KEY (`ID`);

--
-- AUTO_INCREMENT for dumped tables
--

--
-- AUTO_INCREMENT for table `tbl_profileimage`
--
ALTER TABLE `tbl_profileimage`
  MODIFY `id` int(11) NOT NULL AUTO_INCREMENT, AUTO_INCREMENT=7;
--
-- AUTO_INCREMENT for table `tbl_role_permission`
--
ALTER TABLE `tbl_role_permission`
  MODIFY `Row` int(11) NOT NULL AUTO_INCREMENT, AUTO_INCREMENT=653;
/*!40101 SET CHARACTER_SET_CLIENT=@OLD_CHARACTER_SET_CLIENT */;
/*!40101 SET CHARACTER_SET_RESULTS=@OLD_CHARACTER_SET_RESULTS */;
/*!40101 SET COLLATION_CONNECTION=@OLD_COLLATION_CONNECTION */;
